Rndrng_Prvdr_State_Abrvtn,Rndrng_Prvdr_Type,year,avg_payment,avg_charge,total_srvcs,total_benes,charge_to_payment_ratio
AA,Family Practice,2022,27.28,59.2,1421.0,799,2.17
AE,Cardiology,2023,102.24,256.1,6315.0,4382,2.5
AE,Family Practice,2022,69.96,585.71,1566.0,1464,8.37
AE,Family Practice,2023,56.39,370.38,1471.0,1370,6.57
AE,Internal Medicine,2022,60.0,134.37,3483.0,2163,2.24
AE,Internal Medicine,2023,88.87,167.25,1728.0,1299,1.88
AK,Cardiology,2022,121.11,919.48,75950.0,43814,7.59
AK,Cardiology,2023,110.63,881.64,118738.2,48862,7.97
AK,Family Practice,2022,61.96,255.34,195238.0,131532,4.12
AK,Family Practice,2023,58.53,254.02,192485.0,127964,4.34
AK,Internal Medicine,2022,84.29,380.03,97479.0,49266,4.51
AK,Internal Medicine,2023,81.61,374.05,104596.0,48649,4.58
AL,Cardiology,2022,92.22,313.39,878847.5,540064,3.4
AL,Cardiology,2023,91.45,315.4,888305.0,513522,3.45
AL,Family Practice,2022,44.68,113.99,2268686.6,1124623,2.55
AL,Family Practice,2023,44.44,120.85,2117687.5,1036993,2.72
AL,Internal Medicine,2022,54.5,144.4,2360107.0,1159231,2.65
AL,Internal Medicine,2023,54.57,152.74,2290312.0,1086284,2.8
AP,Family Practice,2022,68.9,196.15,755.0,674,2.85
AP,Family Practice,2023,82.32,232.65,719.0,589,2.83
AP,Internal Medicine,2022,73.09,189.94,3309.0,1896,2.6
AP,Internal Medicine,2023,82.78,210.1,3522.0,2174,2.54
AR,Cardiology,2022,82.74,307.81,629489.0,449896,3.72
AR,Cardiology,2023,73.04,288.61,575519.0,413653,3.95
AR,Family Practice,2022,41.54,129.61,2375356.2,1200340,3.12
AR,Family Practice,2023,43.4,134.6,2142099.0,1083692,3.1
AR,Internal Medicine,2022,54.59,167.55,1876470.5,671483,3.07
AR,Internal Medicine,2023,55.86,165.76,1839941.0,607559,2.97
AZ,Cardiology,2022,108.89,403.47,1274882.0,803099,3.71
AZ,Cardiology,2023,105.16,405.55,1296487.0,807215,3.86
AZ,Family Practice,2022,56.58,150.59,2073548.0,1174505,2.66
AZ,Family Practice,2023,57.58,150.47,2110510.3,1147599,2.61
AZ,Internal Medicine,2022,68.08,206.02,3018719.0,1327504,3.03
AZ,Internal Medicine,2023,70.15,218.64,2916830.0,1291510,3.12
CA,Cardiology,2022,113.05,437.74,6928279.3,3667076,3.87
CA,Cardiology,2023,110.82,441.34,7466667.8,3841248,3.98
CA,Family Practice,2022,66.0,196.91,9428923.3,3672309,2.98
CA,Family Practice,2023,68.35,209.54,10004513.9,3648250,3.07
CA,Internal Medicine,2022,77.08,253.33,14249267.1,5843642,3.29
CA,Internal Medicine,2023,78.57,263.97,15053123.6,5776785,3.36
CO,Cardiology,2022,69.49,266.43,370417.0,286047,3.83
CO,Cardiology,2023,68.35,270.54,366521.0,275969,3.96
CO,Family Practice,2022,56.41,166.29,1046312.0,626058,2.95
CO,Family Practice,2023,62.05,188.49,1043846.0,607514,3.04
CO,Internal Medicine,2022,70.99,233.0,1194348.0,555682,3.28
CO,Internal Medicine,2023,73.26,240.04,1048297.5,530141,3.28
CT,Cardiology,2022,79.2,357.58,705120.0,497181,4.52
CT,Cardiology,2023,79.65,374.32,706191.4,489770,4.7
CT,Family Practice,2022,62.47,165.93,343666.0,233641,2.66
CT,Family Practice,2023,65.9,171.47,323758.0,218710,2.6
CT,Internal Medicine,2022,69.38,200.71,1316462.0,836423,2.89
CT,Internal Medicine,2023,72.88,209.25,1217610.0,761944,2.87
DC,Cardiology,2022,116.25,386.61,145898.0,105752,3.33
DC,Cardiology,2023,120.05,422.27,136292.0,100514,3.52
DC,Family Practice,2022,63.89,181.22,60880.0,33266,2.84
DC,Family Practice,2023,71.44,209.28,53942.0,28548,2.93
DC,Internal Medicine,2022,81.95,253.01,488555.0,207213,3.09
DC,Internal Medicine,2023,85.42,254.7,458319.0,201220,2.98
DE,Cardiology,2022,104.65,357.68,399251.6,266910,3.42
DE,Cardiology,2023,104.32,399.91,384991.0,255411,3.83
DE,Family Practice,2022,67.07,156.1,419712.0,247071,2.33
DE,Family Practice,2023,69.48,172.08,427153.0,242570,2.48
DE,Internal Medicine,2022,79.38,212.57,747633.0,236973,2.68
DE,Internal Medicine,2023,78.92,223.17,977518.0,248121,2.83
FL,Cardiology,2022,122.01,396.19,5680975.8,3240318,3.25
FL,Cardiology,2023,117.57,396.97,5661722.8,3263264,3.38
FL,Family Practice,2022,58.45,174.1,8083722.5,4083940,2.98
FL,Family Practice,2023,59.88,178.42,7922918.0,3955520,2.98
FL,Internal Medicine,2022,68.97,212.94,13736402.0,5658439,3.09
FL,Internal Medicine,2023,68.73,212.4,14282798.0,5564762,3.09
GA,Cardiology,2022,77.42,363.51,1597678.8,1113081,4.7
GA,Cardiology,2023,77.94,385.05,1547392.3,1080525,4.94
GA,Family Practice,2022,49.76,158.5,3255545.0,1693004,3.19
GA,Family Practice,2023,50.99,168.1,3340112.0,1641279,3.3
GA,Internal Medicine,2022,59.92,215.04,5605680.3,2162864,3.59
GA,Internal Medicine,2023,60.74,221.67,5537498.5,2093022,3.65
GU,Cardiology,2022,53.7,241.0,87.0,81,4.49
GU,Cardiology,2023,53.99,241.0,111.0,107,4.46
GU,Family Practice,2022,48.97,92.68,13971.0,8722,1.89
GU,Family Practice,2023,48.37,93.35,18858.0,10942,1.93
GU,Internal Medicine,2022,62.92,191.18,40265.0,20907,3.04
GU,Internal Medicine,2023,64.91,192.22,38259.0,19786,2.96
HI,Cardiology,2022,73.15,268.97,93524.0,67785,3.68
HI,Cardiology,2023,69.99,257.23,109834.0,75778,3.68
HI,Family Practice,2022,64.88,199.77,133795.0,81385,3.08
HI,Family Practice,2023,65.71,205.88,124942.0,78869,3.13
HI,Internal Medicine,2022,73.43,208.59,254878.5,135163,2.84
HI,Internal Medicine,2023,72.4,206.54,252217.5,132771,2.85
IA,Cardiology,2022,65.61,292.43,363574.0,277318,4.46
IA,Cardiology,2023,63.33,297.85,339301.0,255878,4.7
IA,Family Practice,2022,49.16,139.15,1651757.5,916593,2.83
IA,Family Practice,2023,52.39,146.27,1575188.0,860448,2.79
IA,Internal Medicine,2022,55.53,178.97,724052.3,373030,3.22
IA,Internal Medicine,2023,55.59,173.45,754624.0,355925,3.12
ID,Cardiology,2022,62.12,223.46,92700.0,78927,3.6
ID,Cardiology,2023,56.91,215.84,100700.0,83537,3.79
ID,Family Practice,2022,54.64,150.88,357014.5,221839,2.76
ID,Family Practice,2023,57.9,161.95,359053.5,215696,2.8
ID,Internal Medicine,2022,68.55,227.95,159680.0,98441,3.33
ID,Internal Medicine,2023,68.71,241.54,167828.0,107638,3.52
IL,Cardiology,2022,79.18,363.58,2076279.6,1387780,4.59
IL,Cardiology,2023,77.02,377.01,2049397.7,1389377,4.89
IL,Family Practice,2022,64.74,179.68,3413354.1,1762967,2.78
IL,Family Practice,2023,68.19,192.85,3493191.3,1691453,2.83
IL,Internal Medicine,2022,72.6,220.75,6124540.0,2666732,3.04
IL,Internal Medicine,2023,74.27,229.1,5574553.0,2580016,3.08
IN,Cardiology,2022,65.93,272.41,1021361.0,781690,4.13
IN,Cardiology,2023,64.62,278.44,967012.0,744418,4.31
IN,Family Practice,2022,56.49,140.11,2109495.7,1214798,2.48
IN,Family Practice,2023,61.34,151.29,2000475.0,1126593,2.47
IN,Internal Medicine,2022,66.3,191.69,2177555.0,986034,2.89
IN,Internal Medicine,2023,69.02,200.34,1919365.0,928586,2.9
KS,Cardiology,2022,77.95,357.97,608920.0,416811,4.59
KS,Cardiology,2023,73.79,333.86,618165.3,421628,4.52
KS,Family Practice,2022,47.12,140.41,1380514.5,781179,2.98
KS,Family Practice,2023,49.43,144.75,1342675.0,766968,2.93
KS,Internal Medicine,2022,60.95,226.65,839707.1,389848,3.72
KS,Internal Medicine,2023,62.54,233.97,905835.0,385679,3.74
KY,Cardiology,2022,63.13,219.69,589157.0,442989,3.48
KY,Cardiology,2023,61.33,218.61,567341.0,427274,3.56
KY,Family Practice,2022,51.43,157.42,1423850.6,758878,3.06
KY,Family Practice,2023,53.87,166.42,1167221.0,663510,3.09
KY,Internal Medicine,2022,61.97,195.87,1865591.0,890378,3.16
KY,Internal Medicine,2023,63.33,202.81,1925853.0,865059,3.2
LA,Cardiology,2022,90.23,389.4,871405.5,542696,4.32
LA,Cardiology,2023,87.96,379.07,815456.0,502568,4.31
LA,Family Practice,2022,52.22,168.12,1552456.6,822083,3.22
LA,Family Practice,2023,52.23,174.26,1435818.9,783082,3.34
LA,Internal Medicine,2022,66.04,225.35,1881904.0,788128,3.41
LA,Internal Medicine,2023,66.17,224.16,1700700.5,755010,3.39
MA,Cardiology,2022,80.98,363.03,1955984.0,1179994,4.48
MA,Cardiology,2023,77.79,368.57,1947419.0,1210825,4.74
MA,Family Practice,2022,56.69,176.7,1168035.5,785731,3.12
MA,Family Practice,2023,59.95,198.91,1103656.5,739234,3.32
MA,Internal Medicine,2022,63.87,224.68,4010116.0,2528484,3.52
MA,Internal Medicine,2023,66.29,240.46,3801909.0,2399858,3.63
MD,Cardiology,2022,107.26,357.55,1598763.9,1087127,3.33
MD,Cardiology,2023,103.4,357.54,1640341.7,1082341,3.46
MD,Family Practice,2022,61.77,158.95,1527405.0,986993,2.57
MD,Family Practice,2023,63.17,169.96,1415830.0,947862,2.69
MD,Internal Medicine,2022,74.46,214.9,4277062.2,1979108,2.89
MD,Internal Medicine,2023,74.6,213.93,4442294.0,1898178,2.87
ME,Cardiology,2022,55.07,238.75,135366.0,115922,4.34
ME,Cardiology,2023,53.85,238.07,125114.0,108189,4.42
ME,Family Practice,2022,48.38,148.38,208617.0,138527,3.07
ME,Family Practice,2023,51.01,163.69,194473.2,130092,3.21
ME,Internal Medicine,2022,57.88,198.19,296880.0,166365,3.42
ME,Internal Medicine,2023,58.47,207.83,310839.0,157997,3.55
MI,Cardiology,2022,83.34,270.65,1400490.2,969741,3.25
MI,Cardiology,2023,79.69,274.84,1336192.0,936494,3.45
MI,Family Practice,2022,53.01,136.32,2184604.7,1285148,2.57
MI,Family Practice,2023,55.02,143.16,2110332.1,1196269,2.6
MI,Internal Medicine,2022,67.89,191.61,3617322.4,1827424,2.82
MI,Internal Medicine,2023,69.15,198.38,3477612.1,1706843,2.87
MN,Cardiology,2022,68.57,393.73,514692.0,410761,5.74
MN,Cardiology,2023,67.48,409.98,542664.0,395422,6.08
MN,Family Practice,2022,45.4,158.72,1513273.0,1008821,3.5
MN,Family Practice,2023,48.48,172.43,1400755.0,923745,3.56
MN,Internal Medicine,2022,60.23,245.86,1585163.0,797473,4.08
MN,Internal Medicine,2023,61.95,259.7,1646444.0,782329,4.19
MO,Cardiology,2022,72.41,311.94,914433.0,659986,4.31
MO,Cardiology,2023,64.62,293.98,865026.0,636989,4.55
MO,Family Practice,2022,51.23,154.22,1396550.5,840009,3.01
MO,Family Practice,2023,54.8,163.93,1295551.0,785860,2.99
MO,Internal Medicine,2022,65.4,208.38,2322107.0,993867,3.19
MO,Internal Medicine,2023,67.71,214.89,2186025.0,941412,3.17
MP,Family Practice,2022,85.44,270.72,4219.0,1465,3.17
MP,Family Practice,2023,82.15,257.21,4746.0,1678,3.13
MP,Internal Medicine,2022,61.21,162.85,1642.0,878,2.66
MP,Internal Medicine,2023,57.82,158.94,1763.0,945,2.75
MS,Cardiology,2022,83.04,430.84,646936.3,360969,5.19
MS,Cardiology,2023,87.41,457.72,694645.0,347573,5.24
MS,Family Practice,2022,42.53,127.88,1698841.9,914770,3.01
MS,Family Practice,2023,42.53,127.61,1552695.0,853809,3.0
MS,Internal Medicine,2022,55.72,189.95,1640262.0,746412,3.41
MS,Internal Medicine,2023,56.95,194.76,1653313.0,713078,3.42
MT,Cardiology,2022,66.18,248.1,121827.0,95298,3.75
MT,Cardiology,2023,65.57,269.54,112895.5,91200,4.11
MT,Family Practice,2022,56.33,173.63,233999.0,159683,3.08
MT,Family Practice,2023,61.94,182.49,244661.0,156930,2.95
MT,Internal Medicine,2022,67.5,238.04,192122.0,125628,3.53
MT,Internal Medicine,2023,68.63,244.14,186856.0,126034,3.56
NC,Cardiology,2022,69.79,328.53,1648932.0,1057246,4.71
NC,Cardiology,2023,68.35,342.6,1646012.0,1009915,5.01
NC,Family Practice,2022,50.21,141.9,3353507.1,1937481,2.83
NC,Family Practice,2023,52.96,153.56,3311159.5,1733217,2.9
NC,Internal Medicine,2022,56.32,182.13,5053987.4,2460341,3.23
NC,Internal Medicine,2023,57.08,189.4,4454183.5,2216939,3.32
ND,Cardiology,2022,63.32,365.94,80692.0,64107,5.78
ND,Cardiology,2023,67.25,395.63,81164.0,64731,5.88
ND,Family Practice,2022,51.33,178.71,251150.0,135776,3.48
ND,Family Practice,2023,52.99,184.94,253459.0,135487,3.49
ND,Internal Medicine,2022,61.47,230.01,240005.0,95354,3.74
ND,Internal Medicine,2023,65.99,249.47,190469.0,85534,3.78
NE,Cardiology,2022,63.26,260.3,279082.0,203855,4.12
NE,Cardiology,2023,63.31,302.98,266243.0,197085,4.79
NE,Family Practice,2022,43.29,122.96,1337667.5,566819,2.84
NE,Family Practice,2023,47.31,141.6,1292864.3,542871,2.99
NE,Internal Medicine,2022,49.68,143.82,1004992.7,404430,2.89
NE,Internal Medicine,2023,50.18,150.98,1046228.5,381339,3.01
NH,Cardiology,2022,66.9,427.55,232240.0,187694,6.39
NH,Cardiology,2023,63.64,451.11,241057.0,197098,7.09
NH,Family Practice,2022,55.65,166.7,344490.0,213085,3.0
NH,Family Practice,2023,60.74,188.96,302815.0,201898,3.11
NH,Internal Medicine,2022,73.96,273.47,338247.0,222778,3.7
NH,Internal Medicine,2023,74.75,299.85,323912.0,216953,4.01
NJ,Cardiology,2022,105.9,447.7,2802306.9,1800019,4.23
NJ,Cardiology,2023,104.74,459.18,2837673.8,1837771,4.38
NJ,Family Practice,2022,64.24,181.37,1867346.8,1095805,2.82
NJ,Family Practice,2023,66.54,196.34,1841040.5,1078461,2.95
NJ,Internal Medicine,2022,73.71,227.84,5700852.6,2690065,3.09
NJ,Internal Medicine,2023,75.61,243.05,6130365.0,2697267,3.21
NM,Cardiology,2022,71.83,289.27,162050.0,122249,4.03
NM,Cardiology,2023,74.72,325.94,156217.0,118055,4.36
NM,Family Practice,2022,56.79,192.05,394461.0,234101,3.38
NM,Family Practice,2023,58.99,197.28,368948.0,223943,3.34
NM,Internal Medicine,2022,68.0,230.69,680948.0,220441,3.39
NM,Internal Medicine,2023,69.47,242.08,637472.0,213961,3.48
NV,Cardiology,2022,131.08,499.16,576006.0,319541,3.81
NV,Cardiology,2023,119.4,475.11,581063.0,320960,3.98
NV,Family Practice,2022,66.15,194.02,465154.0,256353,2.93
NV,Family Practice,2023,67.02,203.85,460518.0,253939,3.04
NV,Internal Medicine,2022,80.54,284.03,1198342.0,439961,3.53
NV,Internal Medicine,2023,81.2,283.9,1241604.0,426826,3.5
NY,Cardiology,2022,100.42,473.72,5414216.0,3376765,4.72
NY,Cardiology,2023,98.63,497.17,5515888.7,3383190,5.04
NY,Family Practice,2022,58.43,171.34,4089200.5,2228061,2.93
NY,Family Practice,2023,59.93,179.76,5009839.5,2226451,3.0
NY,Internal Medicine,2022,69.74,233.34,11762128.2,5473746,3.35
NY,Internal Medicine,2023,71.6,243.78,11590179.0,5185191,3.4
OH,Cardiology,2022,66.17,267.29,1457991.9,1117760,4.04
OH,Cardiology,2023,62.13,279.34,1468402.6,1126545,4.5
OH,Family Practice,2022,52.63,140.81,2715887.4,1571412,2.68
OH,Family Practice,2023,55.95,151.21,2541760.9,1493326,2.7
OH,Internal Medicine,2022,64.31,203.12,3656639.5,1893272,3.16
OH,Internal Medicine,2023,65.6,216.5,3335079.0,1802096,3.3
OK,Cardiology,2022,62.72,246.44,455302.0,314592,3.93
OK,Cardiology,2023,61.05,245.32,449617.0,319415,4.02
OK,Family Practice,2022,50.41,158.3,2056184.2,888957,3.14
OK,Family Practice,2023,53.01,163.89,1850667.0,813558,3.09
OK,Internal Medicine,2022,64.34,225.14,1040856.0,470893,3.5
OK,Internal Medicine,2023,65.87,234.67,928926.9,441239,3.56
OR,Cardiology,2022,68.11,297.92,310219.0,245202,4.37
OR,Cardiology,2023,66.1,299.7,300392.0,247007,4.53
OR,Family Practice,2022,47.93,168.76,730165.5,413584,3.52
OR,Family Practice,2023,53.47,189.97,684306.0,379367,3.55
OR,Internal Medicine,2022,59.91,228.04,1327034.0,483489,3.81
OR,Internal Medicine,2023,63.42,243.85,1474865.0,444263,3.84
PA,Cardiology,2022,83.72,321.15,2346258.0,1727582,3.84
PA,Cardiology,2023,81.31,322.2,2390355.0,1747189,3.96
PA,Family Practice,2022,64.62,160.13,3965640.6,2282357,2.48
PA,Family Practice,2023,67.98,172.19,3703600.2,2183768,2.53
PA,Internal Medicine,2022,75.6,224.09,3943250.0,2163108,2.96
PA,Internal Medicine,2023,77.15,234.48,4075862.0,2116178,3.04
PR,Cardiology,2022,72.85,130.48,58397.0,37710,1.79
PR,Cardiology,2023,71.77,126.79,53370.8,33498,1.77
PR,Family Practice,2022,59.54,140.93,17273.0,8146,2.37
PR,Family Practice,2023,57.85,150.94,14544.0,6997,2.61
PR,Internal Medicine,2022,67.77,146.64,83962.0,40075,2.16
PR,Internal Medicine,2023,68.51,151.41,70288.0,35453,2.21
RI,Cardiology,2022,78.23,303.34,176764.0,136372,3.88
RI,Cardiology,2023,78.21,311.93,167409.0,129618,3.99
RI,Family Practice,2022,57.05,174.52,83776.0,59188,3.06
RI,Family Practice,2023,53.49,177.28,87966.0,64388,3.31
RI,Internal Medicine,2022,65.91,201.35,310998.0,212877,3.05
RI,Internal Medicine,2023,64.88,203.96,313214.0,196386,3.14
SC,Cardiology,2022,78.13,364.25,1033386.1,675253,4.66
SC,Cardiology,2023,73.64,395.29,1020124.0,677699,5.37
SC,Family Practice,2022,50.93,151.14,3329944.7,1620451,2.97
SC,Family Practice,2023,53.42,159.85,3246145.1,1574640,2.99
SC,Internal Medicine,2022,62.42,207.6,2163475.5,1190769,3.33
SC,Internal Medicine,2023,63.05,212.07,2186874.0,1144035,3.36
SD,Cardiology,2022,53.58,225.17,72648.0,57109,4.2
SD,Cardiology,2023,54.74,216.25,88737.0,70568,3.95
SD,Family Practice,2022,47.26,130.0,379900.0,206883,2.75
SD,Family Practice,2023,50.31,143.22,391686.0,197953,2.85
SD,Internal Medicine,2022,58.47,162.69,250584.5,107090,2.78
SD,Internal Medicine,2023,58.13,159.89,317585.0,100038,2.75
TN,Cardiology,2022,78.78,325.06,1325942.0,795956,4.13
TN,Cardiology,2023,72.74,306.15,1339775.0,792232,4.21
TN,Family Practice,2022,43.22,128.37,2960797.1,1498270,2.97
TN,Family Practice,2023,44.25,133.77,2679904.5,1428210,3.02
TN,Internal Medicine,2022,51.25,168.05,4050464.5,2045422,3.28
TN,Internal Medicine,2023,51.65,176.36,3734339.5,1973674,3.41
TX,Cardiology,2022,107.09,446.94,4073443.7,2516397,4.17
TX,Cardiology,2023,106.14,455.4,4051244.6,2476858,4.29
TX,Family Practice,2022,53.1,167.16,7687183.1,3849423,3.15
TX,Family Practice,2023,54.44,174.57,7466999.9,3628303,3.21
TX,Internal Medicine,2022,65.98,229.22,10103299.2,4405837,3.47
TX,Internal Medicine,2023,66.89,235.39,10304623.0,4169434,3.52
UT,Cardiology,2022,85.39,306.92,179236.0,128211,3.59
UT,Cardiology,2023,78.49,305.75,189010.0,124767,3.9
UT,Family Practice,2022,47.67,114.5,710708.5,459557,2.4
UT,Family Practice,2023,50.21,119.64,651888.5,426176,2.38
UT,Internal Medicine,2022,60.62,180.21,632712.0,313018,2.97
UT,Internal Medicine,2023,62.46,184.46,731155.0,295977,2.95
VA,Cardiology,2022,87.77,299.57,1365800.0,989226,3.41
VA,Cardiology,2023,91.21,324.54,1439044.0,999689,3.56
VA,Family Practice,2022,53.7,132.75,3125308.0,1989099,2.47
VA,Family Practice,2023,56.16,140.8,3147436.3,1928013,2.51
VA,Internal Medicine,2022,67.97,204.41,3523187.5,1781480,3.01
VA,Internal Medicine,2023,68.84,210.19,3495032.0,1712466,3.05
VI,Cardiology,2022,57.26,98.54,7401.0,5132,1.72
VI,Cardiology,2023,71.22,123.95,7599.0,4926,1.74
VI,Family Practice,2022,46.57,138.89,7398.0,3698,2.98
VI,Family Practice,2023,54.18,173.44,8484.0,4667,3.2
VI,Internal Medicine,2022,59.99,164.62,18929.0,9312,2.74
VI,Internal Medicine,2023,72.2,280.37,13650.0,7683,3.88
VT,Cardiology,2022,61.89,308.43,65722.0,52842,4.98
VT,Cardiology,2023,60.05,330.96,60145.0,47804,5.51
VT,Family Practice,2022,47.17,116.91,147915.2,103308,2.48
VT,Family Practice,2023,52.04,132.53,131016.0,91891,2.55
VT,Internal Medicine,2022,67.5,258.0,116992.0,79129,3.82
VT,Internal Medicine,2023,68.43,273.21,107609.0,75049,3.99
WA,Cardiology,2022,69.37,258.31,632060.0,479815,3.72
WA,Cardiology,2023,69.54,268.17,627158.0,479687,3.86
WA,Family Practice,2022,55.45,165.11,1322999.5,864831,2.98
WA,Family Practice,2023,60.03,184.48,1238027.0,818028,3.07
WA,Internal Medicine,2022,69.03,229.51,1516976.0,801545,3.32
WA,Internal Medicine,2023,72.23,246.25,1426580.0,751251,3.41
WI,Cardiology,2022,60.13,613.07,578771.0,392638,10.2
WI,Cardiology,2023,61.02,647.5,576153.5,385772,10.61
WI,Family Practice,2022,52.61,213.6,1382315.2,955650,4.06
WI,Family Practice,2023,58.64,236.81,1251772.4,854025,4.04
WI,Internal Medicine,2022,62.78,297.59,1419639.0,879557,4.74
WI,Internal Medicine,2023,68.05,322.82,1234355.0,768260,4.74
WV,Cardiology,2022,68.58,266.83,236943.0,159258,3.89
WV,Cardiology,2023,64.79,272.24,189147.0,133708,4.2
WV,Family Practice,2022,54.61,162.89,640032.0,365959,2.98
WV,Family Practice,2023,58.3,178.11,609788.0,322731,3.06
WV,Internal Medicine,2022,70.92,245.36,426398.5,239554,3.46
WV,Internal Medicine,2023,74.59,261.31,392249.4,214476,3.5
WY,Cardiology,2022,94.22,602.27,40906.0,28769,6.39
WY,Cardiology,2023,91.85,683.86,43115.0,30273,7.45
WY,Family Practice,2022,51.75,180.62,239135.0,115095,3.49
WY,Family Practice,2023,52.3,173.91,238794.0,107065,3.33
WY,Internal Medicine,2022,58.06,215.34,116764.0,66011,3.71
WY,Internal Medicine,2023,61.59,216.87,122596.0,65917,3.52
XX,Family Practice,2022,52.38,163.96,2786.0,1488,3.13
XX,Family Practice,2023,58.36,185.97,2873.0,1551,3.19
XX,Internal Medicine,2022,87.97,186.47,4277.0,2675,2.12
XX,Internal Medicine,2023,87.1,161.33,5614.0,4564,1.85
ZZ,Cardiology,2022,48.24,339.73,954.0,770,7.04
ZZ,Family Practice,2022,72.6,353.84,1581.0,1330,4.87
ZZ,Family Practice,2023,76.19,308.76,1625.0,1217,4.05
ZZ,Internal Medicine,2022,90.1,300.31,2164.0,1489,3.33
ZZ,Internal Medicine,2023,87.92,477.92,1446.0,1033,5.44
